{"cameraMode":{"drawMode":0,"name":"Shaded","section":"Shading Mode"},"sceneLighting":false,"audioPlay":false,"sceneViewState":{"m_AlwaysRefresh":false,"showFog":false,"showSkybox":false,"showFlares":false,"showImageEffects":true,"showParticleSystems":true,"showVisualEffectGraphs":true,"m_FxEnabled":true},"in2DMode":false,"pivot":{"x":2.3747501373291017,"y":2.6247501373291017,"z":1.125249981880188},"rotation":{"x":0.07792085409164429,"y":0.0014954389771446586,"z":-0.00011688135418808088,"w":0.996958315372467},"size":4.130034923553467,"orthographic":false}